problem_set,question_id,time_segment,text,startTimestamp,endTimestamp,speaker,speaker_#,actual_segment,pred_segment,actual_question_id,pred_question_id
491.0,,1.0,Okay. start Video.,2023-03-06T19:09:24.350-08:00,2023-03-06T19:09:27.290-08:00,tutor,tutor,1,,,
,,,"Okay, we're good.",2023-03-06T19:09:27.580-08:00,2023-03-06T19:09:29.600-08:00,tutor,tutor,1,,,
,,,There,2023-03-06T19:09:46.980-08:00,2023-03-06T19:09:47.600-08:00,tutor,tutor,1,,,
,,,It's weird.,2023-03-06T19:11:30.460-08:00,2023-03-06T19:11:32.520-08:00,tutor,tutor,1,,,
,,,Okay.,2023-03-06T19:11:33.910-08:00,2023-03-06T19:11:35.010-08:00,tutor,tutor,1,,,
,,,It's,2023-03-06T19:11:45.350-08:00,2023-03-06T19:11:46.360-08:00,tutor,tutor,1,,,
,,,It's visible.,2023-03-06T19:11:51.430-08:00,2023-03-06T19:11:54.240-08:00,tutor,tutor,1,,,
,,,C: 13.,2023-03-06T19:13:14.720-08:00,2023-03-06T19:13:16.320-08:00,tutor,tutor,1,,,
,,,"We get started in about. I'm: in and a half. Okay, that's truly.",2023-03-06T19:13:19.220-08:00,2023-03-06T19:13:24.630-08:00,tutor,tutor,1,,,
,,,There's a,2023-03-06T19:13:37.760-08:00,2023-03-06T19:13:39.110-08:00,tutor,tutor,1,,,
,,,"Alright, okay.",2023-03-06T19:13:45.890-08:00,2023-03-06T19:13:47.480-08:00,tutor,tutor,1,,,
,,,"One more minute and then, yeah. we'll let we will start up",2023-03-06T19:14:01.110-08:00,2023-03-06T19:14:06.550-08:00,tutor,tutor,1,,,
,,,"right. It's 7, 15. I hope more people join in a second. But I think we have to get started here.",2023-03-06T19:15:00.400-08:00,2023-03-06T19:15:06.560-08:00,tutor,tutor,1,,,
,,,"Hi! Guys welcome back. It's been a week or 5 days typically. But yeah, welcome to your last week of schoolhouse boot camp for Sats.",2023-03-06T19:15:06.740-08:00,2023-03-06T19:15:17.180-08:00,tutor,tutor,1,,,
,,,It's gonna be kinda,2023-03-06T19:15:17.390-08:00,2023-03-06T19:15:18.910-08:00,tutor,tutor,1,,,
,,,I hope you're all excited to take your Sats coming up,2023-03-06T19:15:19.150-08:00,2023-03-06T19:15:22.670-08:00,tutor,tutor,1,,,
,,,and hopefully we can get some good study sessions right before all right. So now I'm going to screen share.,2023-03-06T19:15:22.730-08:00,2023-03-06T19:15:29.790-08:00,tutor,tutor,1,,,
,,,Hold on 1 s. Our plan for the day,2023-03-06T19:15:31.190-08:00,2023-03-06T19:15:35.200-08:00,tutor,tutor,1,,,
,,,"again. If anyone could turn on the videos, I that'd be much appreciated. And yeah, let's get we good",2023-03-06T19:15:35.580-08:00,2023-03-06T19:15:40.700-08:00,tutor,tutor,1,,,
,,,alright. slash it. alright.,2023-03-06T19:15:41.470-08:00,2023-03-06T19:15:45.770-08:00,tutor,tutor,1,,,
,,,"sat schoolhouse, ICT boot camps week for day one tutorials class.",2023-03-06T19:15:46.760-08:00,2023-03-06T19:15:51.830-08:00,tutor,tutor,1,,,
,,,"So, as a welcome question, let's just start off by",2023-03-06T19:15:52.030-08:00,2023-03-06T19:15:56.140-08:00,tutor,tutor,1,,,
,,,asking each other what subject your topic that deeply interests. You.,2023-03-06T19:15:56.820-08:00,2023-03-06T19:16:02.100-08:00,tutor,tutor,1,,,
,,,"Raise your hand or just talk, and then popcorn it to someone else in the room.",2023-03-06T19:16:02.320-08:00,2023-03-06T19:16:07.720-08:00,tutor,tutor,1,,,
,,,Sound good.,2023-03-06T19:16:08.440-08:00,2023-03-06T19:16:09.330-08:00,tutor,tutor,1,,,
,,,Alright.,2023-03-06T19:16:10.730-08:00,2023-03-06T19:16:11.510-08:00,tutor,tutor,1,,,
,,,Who wants to go first?,2023-03-06T19:16:13.080-08:00,2023-03-06T19:16:14.260-08:00,tutor,tutor,1,,,
,,,[STUDENT_5],2023-03-06T19:16:20.660-08:00,2023-03-06T19:16:21.560-08:00,tutor,tutor,1,,,
,,,that I would say a subject that interest me probably is economics. I like that,2023-03-06T19:16:23.640-08:00,2023-03-06T19:16:32.490-08:00,student,student A,1,,,
,,,"last year, and and it just like was like I found it really interesting, because it's like very relevant. and I feel like it's some a class that everyone should take. I feel like everybody does take it anyways. But I definitely find that really interesting.",2023-03-06T19:16:32.590-08:00,2023-03-06T19:16:46.780-08:00,student,student A,1,,,
,,,Yeah.,2023-03-06T19:16:47.020-08:00,2023-03-06T19:16:47.800-08:00,tutor,tutor,1,,,
,,,"my school. It's a it's a senior class. So I haven't gotten to it yet, technically. But yeah, it is definitely a class, and it's definitely something My brother is interested in. So that's kind of cool.",2023-03-06T19:16:47.860-08:00,2023-03-06T19:16:59.270-08:00,tutor,tutor,1,,,
,,,Jase. If you want to pop her to another risk person.,2023-03-06T19:17:00.090-08:00,2023-03-06T19:17:03.510-08:00,tutor,tutor,1,,,
,,,i'll do Trinity.,2023-03-06T19:17:04.400-08:00,2023-03-06T19:17:06.820-08:00,student,student A,1,,,
,,,Truly.,2023-03-06T19:17:06.940-08:00,2023-03-06T19:17:07.730-08:00,tutor,tutor,1,,,
,,,"Okay, I'd say, I'm interested in science. So like food. Science is something that I'm. Actually currently looking into for college. so that, or something that's not school related",2023-03-06T19:17:09.350-08:00,2023-03-06T19:17:22.440-08:00,student,student B,1,,,
,,,"like shoe collecting or like doing hair, or something like that. I'll popcorn to [STUDENT_4].",2023-03-06T19:17:22.530-08:00,2023-03-06T19:17:29.120-08:00,student,student B,1,,,
,,,"I'm. Always more interested in willing to like, dive deeper into sociology. I take that class in my freshman year, and i'd always wanted to like span on that knowledge",2023-03-06T19:17:32.040-08:00,2023-03-06T19:17:44.830-08:00,student,student C,1,,,
,,,nice.,2023-03-06T19:17:45.400-08:00,2023-03-06T19:17:46.280-08:00,tutor,tutor,1,,,
,,,and I popcorn to Lily.,2023-03-06T19:17:47.040-08:00,2023-03-06T19:17:50.280-08:00,student,student C,1,,,
,,,"I've always been interested in law, and",2023-03-06T19:17:51.990-08:00,2023-03-06T19:17:56.520-08:00,student,student D,1,,,
,,,i'll pop one to Alberta.,2023-03-06T19:17:57.030-08:00,2023-03-06T19:17:58.840-08:00,student,student D,1,,,
,,,I've always been interested in a psychology.,2023-03-06T19:18:00.220-08:00,2023-03-06T19:18:03.460-08:00,student,student E,1,,,
,,,Nice?,2023-03-06T19:18:04.090-08:00,2023-03-06T19:18:05.090-08:00,student,student E,1,,,
,,,Yeah.,2023-03-06T19:18:06.090-08:00,2023-03-06T19:18:07.230-08:00,tutor,tutor,1,,,
,,,"Yeah, I've I've populated chase.",2023-03-06T19:18:07.390-08:00,2023-03-06T19:18:09.950-08:00,student,student E,1,,,
,,,Just what first. Sorry about it.,2023-03-06T19:18:10.520-08:00,2023-03-06T19:18:12.430-08:00,tutor,tutor,1,,,
,,,I think the only person that has gone is,2023-03-06T19:18:13.820-08:00,2023-03-06T19:18:17.210-08:00,tutor,tutor,1,,,
,,,"Oh, is it? I'm: sorry",2023-03-06T19:18:21.990-08:00,2023-03-06T19:18:23.690-08:00,tutor,tutor,1,,,
,,,again. I'm just gonna say psychology because i'm not really sure what else?,2023-03-06T19:18:25.580-08:00,2023-03-06T19:18:30.310-08:00,student,student F,1,,,
,,,"Yeah, no. Psychology is definitely interesting. I'm taking it now, it's really fun.",2023-03-06T19:18:30.330-08:00,2023-03-06T19:18:35.200-08:00,tutor,tutor,1,,,
,,,Yeah.,2023-03-06T19:18:35.460-08:00,2023-03-06T19:18:36.170-08:00,student,student F,1,,,
,,,yeah.,2023-03-06T19:18:36.240-08:00,2023-03-06T19:18:36.930-08:00,tutor,tutor,1,,,
,,,all right. So,2023-03-06T19:18:37.460-08:00,2023-03-06T19:18:39.160-08:00,tutor,tutor,1,,,
,,,here's a little like mentioned about schoolhouse.,2023-03-06T19:18:39.590-08:00,2023-03-06T19:18:42.780-08:00,tutor,tutor,1,,,
,,,"So to ring at School House. If you guys, when you guys. you guys do really well in one subject, or you think you're like",2023-03-06T19:18:42.810-08:00,2023-03-06T19:18:52.170-08:00,tutor,tutor,1,,,
,,,"pretty smart, You have an opportunity to school to it on schoolhouse so totally doesn't. Take that much time. It takes about 2 h to get certified and finished training. I do it myself. It was pretty easy. It's just like a couple of like standard",2023-03-06T19:18:52.690-08:00,2023-03-06T19:19:06.720-08:00,tutor,tutor,1,,,
,,,"just training just to make sure. Yeah, it helps you grow in a global community. There's over 4,000 fellow volunteers across the world, and it's pretty fun, and it's pretty involved.",2023-03-06T19:19:08.440-08:00,2023-03-06T19:19:18.800-08:00,tutor,tutor,1,,,
,,,"You can create your own schedules, host sessions, whatever you like in math s it prep",2023-03-06T19:19:19.380-08:00,2023-03-06T19:19:24.700-08:00,tutor,tutor,1,,,
,,,"writing and other subjects, and you you help give back to voluntary help to those students, and",2023-03-06T19:19:24.780-08:00,2023-03-06T19:19:31.980-08:00,tutor,tutor,1,,,
,,,you earn community service hours so overall it's pretty good.,2023-03-06T19:19:32.240-08:00,2023-03-06T19:19:35.320-08:00,tutor,tutor,1,,,
,,,"All you have to do is just get certified. And yeah, I think you'll be fine, all right.",2023-03-06T19:19:35.430-08:00,2023-03-06T19:19:39.890-08:00,tutor,tutor,1,,,
,,,So again we're gonna do schedule a little bit different. Say. we're going to start up with a practice test. It's going to be,2023-03-06T19:19:41.530-08:00,2023-03-06T19:19:50.000-08:00,tutor,tutor,1,,,
,,,practice. Test B 2. It's going to be your calculator. Half of it's going to be today and half it's going to be Wednesday. We're going to spend another 25 min reviewing the practice test.,2023-03-06T19:19:50.790-08:00,2023-03-06T19:20:00.570-08:00,tutor,tutor,1,,,
,,,and then we're gonna do some targeted group practice again. I'll give you the choice. If you guys think it's a harder practice test. We can review of the practice test. But if you guys want to. We could just do it in the target of practice instead.,2023-03-06T19:20:00.710-08:00,2023-03-06T19:20:11.510-08:00,tutor,tutor,1,,,
,,,"All right, Sorry. Give me 1 s here.",2023-03-06T19:20:11.550-08:00,2023-03-06T19:20:14.740-08:00,tutor,tutor,1,,,
,,,"all right, so that being said, give me a minute, and I will open up your guys's practice test in 1 s has",2023-03-06T19:20:18.390-08:00,2023-03-06T19:20:30.080-08:00,tutor,tutor,1,,,
,,,"Is everyone good, by the way, like I know a couple of people just join. So I just want to make sure that everyone is what we're doing now.",2023-03-06T19:20:30.290-08:00,2023-03-06T19:20:38.070-08:00,tutor,tutor,1,,,
,,,alright.,2023-03-06T19:20:39.720-08:00,2023-03-06T19:20:40.370-08:00,tutor,tutor,1,,,
,,,"if anyone doesn't know what we're doing, just let me know. We're just gonna take a 25 min practice test and then can view it for a little while, because we need to do internally good practice.",2023-03-06T19:20:40.840-08:00,2023-03-06T19:20:48.730-08:00,tutor,tutor,1,,,
,,,Right? So give me a second to,2023-03-06T19:20:48.940-08:00,2023-03-06T19:20:51.440-08:00,tutor,tutor,1,,,
,,,"pull up your thing when you screen, share it.",2023-03-06T19:20:52.740-08:00,2023-03-06T19:20:55.640-08:00,tutor,tutor,1,,,
,,,Share screen.,2023-03-06T19:20:59.630-08:00,2023-03-06T19:21:01.230-08:00,tutor,tutor,1,,,
,,,All right.,2023-03-06T19:21:01.880-08:00,2023-03-06T19:21:04.710-08:00,tutor,tutor,1,,,
,,,"Let me open up your guys practice test, and i'll tell you guys, when to",2023-03-06T19:21:05.300-08:00,2023-03-06T19:21:10.030-08:00,tutor,tutor,1,,,
,,,it starts.,2023-03-06T19:21:10.560-08:00,2023-03-06T19:21:11.690-08:00,tutor,tutor,1,,,
,,,Sorry.,2023-03-06T19:21:14.830-08:00,2023-03-06T19:21:15.860-08:00,tutor,tutor,1,,,
,,,This is what Calculator: right?,2023-03-06T19:21:17.250-08:00,2023-03-06T19:21:22.150-08:00,student,student C,1,,,
,,,Okay? So,2023-03-06T19:21:22.810-08:00,2023-03-06T19:21:25.360-08:00,tutor,tutor,1,,,
,,,I am opening the practice. I open up the practice test. I'll give you guys about like 20 s to get to the right page.,2023-03-06T19:21:26.730-08:00,2023-03-06T19:21:34.330-08:00,tutor,tutor,1,,,
,,,"and then, after 26 itself starts the timer, and",2023-03-06T19:21:34.370-08:00,2023-03-06T19:21:37.940-08:00,tutor,tutor,1,,,
,,,"if anyone still not ready, just let me know.",2023-03-06T19:21:38.020-08:00,2023-03-06T19:21:40.000-08:00,tutor,tutor,1,,,
,,,Okay.,2023-03-06T19:21:40.640-08:00,2023-03-06T19:21:41.280-08:00,tutor,tutor,1,,,
,,,all right. I'm gonna start the the timer in 1 s. Is anyone not ready yet?,2023-03-06T19:22:01.330-08:00,2023-03-06T19:22:07.260-08:00,tutor,tutor,1,,,
,,,So anybody else not see it?,2023-03-06T19:22:08.670-08:00,2023-03-06T19:22:10.380-08:00,student,student G,1,,,
,,,"Oh, okay.",2023-03-06T19:22:11.090-08:00,2023-03-06T19:22:12.620-08:00,tutor,tutor,1,,,
,,,"Does anyone else not see the practice test. I should have opened it. I see it. I have to refresh it, though, to get access to it.",2023-03-06T19:22:16.980-08:00,2023-03-06T19:22:25.770-08:00,student,student C,1,,,
,,,Is it the B 3. One.,2023-03-06T19:22:30.510-08:00,2023-03-06T19:22:32.240-08:00,student,student G,1,,,
,,,"It's me, too.",2023-03-06T19:22:32.310-08:00,2023-03-06T19:22:33.440-08:00,student,student C,1,,,
,,,"Me, too.",2023-03-06T19:22:33.470-08:00,2023-03-06T19:22:34.430-08:00,tutor,tutor,1,,,
,,,"Oh, I see it now. Okay.",2023-03-06T19:22:34.820-08:00,2023-03-06T19:22:36.350-08:00,student,student G,1,,,
,,,right. Are you good to either?,2023-03-06T19:22:37.240-08:00,2023-03-06T19:22:39.880-08:00,tutor,tutor,1,,,
,,,"Yeah, I'm: Good.",2023-03-06T19:22:40.270-08:00,2023-03-06T19:22:41.190-08:00,student,student G,1,,,
,,,"All right. I put some timer up in 3, 2, one, and begin",2023-03-06T19:22:41.300-08:00,2023-03-06T19:22:48.410-08:00,tutor,tutor,1,,,
,,,start typing in answers. And yeah.,2023-03-06T19:47:18.910-08:00,2023-03-06T19:47:21.970-08:00,tutor,tutor,1,,,
,,,"Oh, you're muted.",2023-03-06T19:48:31.200-08:00,2023-03-06T19:48:32.460-08:00,student,student C,1,,,
,,,"That explains it. I was asking you guys, how you you about the test.",2023-03-06T19:48:36.030-08:00,2023-03-06T19:48:39.850-08:00,tutor,tutor,1,,,
,,,Sorry about that. But how do you?,2023-03-06T19:48:40.030-08:00,2023-03-06T19:48:42.580-08:00,tutor,tutor,1,,,
,,,"Yeah. Good, bad, Any time pressure",2023-03-06T19:48:43.510-08:00,2023-03-06T19:48:46.960-08:00,tutor,tutor,1,,,
,,,"It wasn't bad. It was like some of the stuff I forgot to do, though.",2023-03-06T19:48:47.040-08:00,2023-03-06T19:48:51.590-08:00,student,student B,1,,,
,,,"Yeah, okay. So that's",2023-03-06T19:48:51.780-08:00,2023-03-06T19:48:54.430-08:00,tutor,tutor,1,,,
,,,"that. Just makes sense. Everyone forgets a couple of things, but that's that's if he doesn't expect you to be perfect. You just try to get it. Must as much as possible as correct as we got to.",2023-03-06T19:48:54.700-08:00,2023-03-06T19:49:04.380-08:00,tutor,tutor,1,,,
,,,All right. So let's just start going over these,2023-03-06T19:49:04.490-08:00,2023-03-06T19:49:09.970-08:00,tutor,tutor,1,,,
,14.0,1.0,questions. Let's start with Question Number 14. Everyone question Number 14,2023-03-06T19:49:10.840-08:00,2023-03-06T19:49:18.060-08:00,tutor,tutor,2,,14.0,
,,,actually Homeland.,2023-03-06T19:49:20.900-08:00,2023-03-06T19:49:22.160-08:00,tutor,tutor,2,,14.0,
,,,Sorry.,2023-03-06T19:49:24.360-08:00,2023-03-06T19:49:25.740-08:00,tutor,tutor,2,,14.0,
,,,Let me just pull up the think myself.,2023-03-06T19:49:27.440-08:00,2023-03-06T19:49:30.680-08:00,tutor,tutor,2,,14.0,
,,,Question of 14. Everyone have it,2023-03-06T19:49:32.830-08:00,2023-03-06T19:49:34.500-08:00,tutor,tutor,2,,14.0,
,,,all right. K.,2023-03-06T19:49:37.760-08:00,2023-03-06T19:49:40.010-08:00,tutor,tutor,2,,14.0,
,,,Thinian. Can you read the question out for me.,2023-03-06T19:49:41.410-08:00,2023-03-06T19:49:44.050-08:00,tutor,tutor,2,,14.0,
,,,or just like a recent,2023-03-06T19:49:45.570-08:00,2023-03-06T19:49:47.390-08:00,tutor,tutor,2,,14.0,
,,,"Yeah, yeah, one. Sec. Let me find it real fast. We have the following, which is closest to the ratio of the total number of insects in all 3 colonies in week, 8 to total the number of insects at the time of initial treatment.",2023-03-06T19:49:48.020-08:00,2023-03-06T19:50:02.980-08:00,student,student H,2,,14.0,
,,,Right? Okay. So,2023-03-06T19:50:03.350-08:00,2023-03-06T19:50:06.440-08:00,tutor,tutor,2,,14.0,
,,,"let's go over what the question is asking for. So, [STUDENT_7], what 2 groups do we look at? Here?",2023-03-06T19:50:06.870-08:00,2023-03-06T19:50:12.980-08:00,tutor,tutor,2,,14.0,
,,,You're looking at the,2023-03-06T19:50:14.900-08:00,2023-03-06T19:50:16.660-08:00,student,student G,2,,14.0,
,,,initial and the,2023-03-06T19:50:17.330-08:00,2023-03-06T19:50:20.000-08:00,student,student G,2,,14.0,
,,,"like, the 8 weeks after treatment.",2023-03-06T19:50:20.100-08:00,2023-03-06T19:50:22.090-08:00,student,student G,2,,14.0,
,,,Yeah.,2023-03-06T19:50:22.510-08:00,2023-03-06T19:50:23.190-08:00,tutor,tutor,2,,14.0,
,,,Sorry. Yeah.,2023-03-06T19:50:23.260-08:00,2023-03-06T19:50:25.260-08:00,tutor,tutor,2,,14.0,
,,,So you're looking at the initial which i'll just call it. What am I. What,2023-03-06T19:50:25.420-08:00,2023-03-06T19:50:31.340-08:00,tutor,tutor,2,,14.0,
,,,What is this? Francisco?,2023-03-06T19:50:33.260-08:00,2023-03-06T19:50:34.630-08:00,tutor,tutor,2,,14.0,
,,,Sorry what happened there? I just lost my practice test. Give me 1 s. We pull back up. but you're looking for initial.,2023-03-06T19:50:39.640-08:00,2023-03-06T19:50:47.940-08:00,tutor,tutor,2,,14.0,
,,,And you're looking for.,2023-03-06T19:50:49.290-08:00,2023-03-06T19:50:51.560-08:00,tutor,tutor,2,,14.0,
,,,Yeah.,2023-03-06T19:50:53.080-08:00,2023-03-06T19:50:53.810-08:00,tutor,tutor,2,,14.0,
,,,"So you're looking for a week, 8 to week to initial",2023-03-06T19:50:55.680-08:00,2023-03-06T19:51:00.290-08:00,tutor,tutor,2,,14.0,
,,,to addition.,2023-03-06T19:51:02.930-08:00,2023-03-06T19:51:04.360-08:00,tutor,tutor,2,,14.0,
,,,So what to value is that it's a book,2023-03-06T19:51:05.470-08:00,2023-03-06T19:51:09.770-08:00,tutor,tutor,2,,14.0,
,,,so too bright.,2023-03-06T19:51:11.190-08:00,2023-03-06T19:51:12.260-08:00,tutor,tutor,2,,14.0,
,,,Does that make sense? So you're looking at week 8 to initial. So what values did you guys get for the initial values that you guys get for the weekend?,2023-03-06T19:51:15.770-08:00,2023-03-06T19:51:24.760-08:00,tutor,tutor,2,,14.0,
,,,2. One.,2023-03-06T19:51:25.710-08:00,2023-03-06T19:51:26.950-08:00,student,student B,2,,14.0,
,,,Sorry. What,2023-03-06T19:51:27.800-08:00,2023-03-06T19:51:28.690-08:00,tutor,tutor,2,,14.0,
,,,you said for the,2023-03-06T19:51:29.610-08:00,2023-03-06T19:51:32.500-08:00,student,student B,2,,14.0,
,,,Yeah.,2023-03-06T19:51:33.160-08:00,2023-03-06T19:51:33.790-08:00,tutor,tutor,2,,14.0,
,,,"201,",2023-03-06T19:51:34.010-08:00,2023-03-06T19:51:35.170-08:00,student,student B,2,,14.0,
,,,2 on one to run 200 or something like that,2023-03-06T19:51:35.590-08:00,2023-03-06T19:51:39.220-08:00,tutor,tutor,2,,14.0,
,,,"2 on one I'll just say 200 for simplicity. Say, what you guys do. That's did you get that for initial or weekend?",2023-03-06T19:51:39.330-08:00,2023-03-06T19:51:45.710-08:00,tutor,tutor,2,,14.0,
,,,Truly.,2023-03-06T19:51:45.950-08:00,2023-03-06T19:51:46.710-08:00,tutor,tutor,2,,14.0,
,,,"for the initial for all 3. Oh, sorry I get. Did I answer the wrong thing?",2023-03-06T19:51:48.100-08:00,2023-03-06T19:51:53.940-08:00,student,student B,2,,14.0,
,,,"No, I just didn't. I was saying either one's fine, so I just didn't know which. Would you specify.",2023-03-06T19:51:53.950-08:00,2023-03-06T19:51:58.000-08:00,tutor,tutor,2,,14.0,
,,,Alberta? What you get for a week? 8.,2023-03-06T19:51:58.030-08:00,2023-03-06T19:52:01.770-08:00,student,student B,2,,14.0,
,,,Hold up! Let me let me check.,2023-03-06T19:52:04.810-08:00,2023-03-06T19:52:06.950-08:00,student,student E,2,,14.0,
,,,I got around 70. I don't know. I kind of estimated.,2023-03-06T19:52:12.470-08:00,2023-03-06T19:52:15.410-08:00,student,student E,2,,14.0,
,,,I'm: 70. Ish.,2023-03-06T19:52:15.650-08:00,2023-03-06T19:52:17.120-08:00,tutor,tutor,2,,14.0,
,,,Yeah.,2023-03-06T19:52:17.300-08:00,2023-03-06T19:52:17.970-08:00,student,student E,2,,14.0,
,,,"Okay, we'll go with those numbers. Do do these numbers look right to everyone?",2023-03-06T19:52:21.240-08:00,2023-03-06T19:52:26.250-08:00,tutor,tutor,2,,14.0,
,,,"I had 79 instead of 70, but the numbers are close to what I got.",2023-03-06T19:52:28.130-08:00,2023-03-06T19:52:36.120-08:00,student,student C,2,,14.0,
,,,So 70 80. Ish. So let's just say in that ballpark.,2023-03-06T19:52:37.220-08:00,2023-03-06T19:52:40.760-08:00,tutor,tutor,2,,14.0,
,,,"so we'll just start with 80, because that might give us close to the right answer.",2023-03-06T19:52:41.620-08:00,2023-03-06T19:52:45.540-08:00,tutor,tutor,2,,14.0,
,,,So a. And then what do we do here? How do we simplify? Does anyone know any common factor between these 2.,2023-03-06T19:52:47.160-08:00,2023-03-06T19:52:53.440-08:00,tutor,tutor,2,,14.0,
,,,"Oh, yeah. Lucya, Sorry.",2023-03-06T19:53:00.820-08:00,2023-03-06T19:53:03.160-08:00,tutor,tutor,2,,14.0,
,,,Can you read that? I'm: Sorry if you can. I'll try to make it bright.,2023-03-06T19:53:07.890-08:00,2023-03-06T19:53:11.480-08:00,tutor,tutor,2,,14.0,
,,,"40,",2023-03-06T19:53:11.740-08:00,2023-03-06T19:53:12.620-08:00,student,student F,2,,14.0,
,,,40. Yeah. So You' this by 40. But this by 40 you get 2 to 5.,2023-03-06T19:53:13.230-08:00,2023-03-06T19:53:21.040-08:00,tutor,tutor,2,,14.0,
,,,Is that the correct answer is to double check,2023-03-06T19:53:21.050-08:00,2023-03-06T19:53:24.070-08:00,tutor,tutor,2,,14.0,
,,,that should be.,2023-03-06T19:53:25.870-08:00,2023-03-06T19:53:26.990-08:00,tutor,tutor,2,,14.0,
,,,And,2023-03-06T19:53:28.660-08:00,2023-03-06T19:53:29.870-08:00,tutor,tutor,2,,14.0,
,,,"yeah, answer a 2 to 5. Does that make sense to everyone",2023-03-06T19:53:30.250-08:00,2023-03-06T19:53:33.800-08:00,tutor,tutor,2,,14.0,
,,,"again? Some of it is just counting wrong, and that's completely understandable. If you just make a little bit county error, you can mess with these problems. So that's why, for graph problems, I always double check those ones at the end, if I have time, because it's always really easy to mess up those problems. That's my little tip for you guys on those problems.",2023-03-06T19:53:39.100-08:00,2023-03-06T19:53:58.280-08:00,tutor,tutor,2,,14.0,
,,,All right.,2023-03-06T19:53:58.320-08:00,2023-03-06T19:53:59.150-08:00,tutor,tutor,2,,14.0,
,,,"It looks like you guys did really. Well in this practice test. Actually, good job. Let's go over our next question. Question Number 18. So again, this one you probably need to use your calculator on. So alright.",2023-03-06T19:53:59.300-08:00,2023-03-06T19:54:12.240-08:00,tutor,tutor,2,,14.0,
,,,does anyone want to go over what this question is asking us here?,2023-03-06T19:54:13.770-08:00,2023-03-06T19:54:17.430-08:00,tutor,tutor,2,,14.0,
,,,Which one?,2023-03-06T19:54:22.610-08:00,2023-03-06T19:54:23.520-08:00,student,student G,2,,14.0,
,18.0,1.0,18?,2023-03-06T19:54:23.740-08:00,2023-03-06T19:54:24.630-08:00,tutor,tutor,3,,18.0,
,,,Yeah. Let me find it.,2023-03-06T19:54:26.640-08:00,2023-03-06T19:54:27.900-08:00,student,student G,3,,18.0,
,,,"The table above shows the results. The survey, and which the tablet users were asked how often they would watch video advertisements in order to gain access to streaming content for free.",2023-03-06T19:54:31.140-08:00,2023-03-06T19:54:41.620-08:00,student,student G,3,,18.0,
,,,"based on the table. Which of the following is closest to the probability that a tablet user answered, always given that the tablet user did not answer. Never",2023-03-06T19:54:41.960-08:00,2023-03-06T19:54:50.200-08:00,student,student G,3,,18.0,
,,,All right. So 2 groups. So they're telling us to look at always,2023-03-06T19:54:50.560-08:00,2023-03-06T19:54:55.160-08:00,tutor,tutor,3,,18.0,
,,,right. And we know,2023-03-06T19:54:55.440-08:00,2023-03-06T19:54:58.260-08:00,tutor,tutor,3,,18.0,
,,,for a fact that this person is not never,2023-03-06T19:54:58.420-08:00,2023-03-06T19:55:02.000-08:00,tutor,tutor,3,,18.0,
,,,right.,2023-03-06T19:55:02.600-08:00,2023-03-06T19:55:03.330-08:00,tutor,tutor,3,,18.0,
,,,So what do we do here. Does anyone have any ideas what to do?,2023-03-06T19:55:03.780-08:00,2023-03-06T19:55:08.930-08:00,tutor,tutor,3,,18.0,
,,,I could do it.,2023-03-06T19:55:13.140-08:00,2023-03-06T19:55:14.160-08:00,student,student G,3,,18.0,
,,,"Yeah, sure, if you go ahead.",2023-03-06T19:55:14.220-08:00,2023-03-06T19:55:15.690-08:00,tutor,tutor,3,,18.0,
,,,What I did is I just added up the always often rarely,2023-03-06T19:55:16.040-08:00,2023-03-06T19:55:20.570-08:00,student,student G,3,,18.0,
,,,"so 30,",2023-03-06T19:55:20.790-08:00,2023-03-06T19:55:22.830-08:00,student,student G,3,,18.0,
,,,"31 plus 14, plus 24, and then I or yeah, and then I",2023-03-06T19:55:23.410-08:00,2023-03-06T19:55:30.830-08:00,student,student G,3,,18.0,
,,,and then I divided it. Wait.,2023-03-06T19:55:34.100-08:00,2023-03-06T19:55:36.430-08:00,student,student G,3,,18.0,
,,,"Yeah, divided all of that by 30. One ish.",2023-03-06T19:55:39.790-08:00,2023-03-06T19:55:44.510-08:00,student,student G,3,,18.0,
,,,"and you'll get about 0. Point 4, 5",2023-03-06T19:55:45.190-08:00,2023-03-06T19:55:48.570-08:00,student,student G,3,,18.0,
,,,"on 0 point 4, 5. Yeah, that's",2023-03-06T19:55:49.430-08:00,2023-03-06T19:55:52.140-08:00,tutor,tutor,3,,18.0,
,,,"probably the best way to do it, Just estimate them, and then add them all up, and then divide it.",2023-03-06T19:55:52.290-08:00,2023-03-06T19:55:57.130-08:00,tutor,tutor,3,,18.0,
,,,I was able to just look at it and see that you know that would be the closest answer.,2023-03-06T19:55:57.340-08:00,2023-03-06T19:56:03.410-08:00,student,student G,3,,18.0,
,,,"Yeah, because there's only one that's close to 0 point. 5 on here, and that'd be this about half of it. Right?",2023-03-06T19:56:03.480-08:00,2023-03-06T19:56:11.250-08:00,tutor,tutor,3,,18.0,
,,,"Okay, so that's one way to do it. You just estimate them. And does anyone see why we only use 31, 13, and 24,",2023-03-06T19:56:13.250-08:00,2023-03-06T19:56:21.510-08:00,tutor,tutor,3,,18.0,
,,,Because i'd be happy to,2023-03-06T19:56:28.660-08:00,2023-03-06T19:56:29.900-08:00,tutor,tutor,3,,18.0,
,,,okay,2023-03-06T19:56:37.220-08:00,2023-03-06T19:56:38.200-08:00,tutor,tutor,3,,18.0,
,,,"guys, My voice rates a little bit because i'm a little bit sick. So i'm not going to try to talk as much. If you guys can talk that will be much appreciated.",2023-03-06T19:56:39.560-08:00,2023-03-06T19:56:47.170-08:00,tutor,tutor,3,,18.0,
,,,"But yeah, does everyone see how this works, and why we got point 4, 5?",2023-03-06T19:56:47.380-08:00,2023-03-06T19:56:53.200-08:00,tutor,tutor,3,,18.0,
,,,Because if you again you can use your calculator.,2023-03-06T19:56:53.310-08:00,2023-03-06T19:56:55.700-08:00,tutor,tutor,3,,18.0,
,,,Yeah. Another way you could do it is you could just like. say.,2023-03-06T19:56:57.260-08:00,2023-03-06T19:57:03.490-08:00,tutor,tutor,3,,18.0,
,,,"since it's like 24, point 3, 13, point 5 and 30.9. You could just add up all those values on your calculator, because this is a calculator portion.",2023-03-06T19:57:04.360-08:00,2023-03-06T19:57:13.270-08:00,tutor,tutor,3,,18.0,
,,,"and then 30.9,",2023-03-06T19:57:14.940-08:00,2023-03-06T19:57:17.310-08:00,tutor,tutor,3,,18.0,
,,,"just to add all those up. and you get a number, and then divide that number by 30, point 9,",2023-03-06T19:57:18.010-08:00,2023-03-06T19:57:23.650-08:00,tutor,tutor,3,,18.0,
,,,and then that should be you. You point 4 5 if you want to get the right answer. Does that make sense to everyone?,2023-03-06T19:57:24.520-08:00,2023-03-06T19:57:30.960-08:00,tutor,tutor,3,,18.0,
,,,Okay.,2023-03-06T19:57:33.400-08:00,2023-03-06T19:57:34.210-08:00,tutor,tutor,3,,18.0,
,,,Okay.,2023-03-06T19:57:35.760-08:00,2023-03-06T19:57:36.530-08:00,tutor,tutor,3,,18.0,
,16.0,1.0,Next question Number 16.,2023-03-06T19:57:40.140-08:00,2023-03-06T19:57:43.800-08:00,tutor,tutor,4,,16.0,
,,,This is a one with. So let's just go step by step. First let's see what the question is asking us.,2023-03-06T19:57:44.000-08:00,2023-03-06T19:57:50.240-08:00,tutor,tutor,4,,16.0,
,,,"Willie, what is this question asking Here",2023-03-06T19:57:51.950-08:00,2023-03-06T19:57:54.480-08:00,tutor,tutor,4,,16.0,
,,,"it's saying, if the population of City X was 122,010. What was the population of City Y in 2,010?",2023-03-06T19:57:56.440-08:00,2023-03-06T19:58:05.100-08:00,student,student D,4,,16.0,
,,,"So what is? Why. so it gives us to these 2 values in the question. So what does it also tell us about to the X and city Y, And then the relative, like",2023-03-06T19:58:05.880-08:00,2023-03-06T19:58:19.230-08:00,tutor,tutor,4,,16.0,
,,,growth rates.,2023-03-06T19:58:19.410-08:00,2023-03-06T19:58:21.400-08:00,tutor,tutor,4,,16.0,
,,,[STUDENT_5].,2023-03-06T19:58:23.370-08:00,2023-03-06T19:58:24.720-08:00,tutor,tutor,4,,16.0,
,,,"All right. Let me look at how I got a 160,000 for this one, and I specifically remember, like staring at this problem for like a solid minute or 2, and I like, could not comprehend what it was like trying to ask.",2023-03-06T19:58:28.290-08:00,2023-03-06T19:58:42.490-08:00,student,student A,4,,16.0,
,,,"Yeah, let me look through my calculator history because I did end up getting it right. And I just remember being really confused when I got it right. I think I did.",2023-03-06T19:58:42.590-08:00,2023-03-06T19:58:54.270-08:00,student,student A,4,,16.0,
,,,I basically figured out that the Zoo,2023-03-06T19:58:57.190-08:00,2023-03-06T19:59:00.710-08:00,student,student A,4,,16.0,
,,,let me look.,2023-03-06T19:59:01.720-08:00,2023-03-06T19:59:02.660-08:00,student,student A,4,,16.0,
,,,"Oh, so if the population of City X was 122,010, I figured out that by 2,015",2023-03-06T19:59:03.220-08:00,2023-03-06T19:59:10.720-08:00,student,student A,4,,16.0,
,,,it would be a,2023-03-06T19:59:10.760-08:00,2023-03-06T19:59:13.000-08:00,student,student A,4,,16.0,
,,,"I basically divided that by 5 and got 24,000, and then",2023-03-06T19:59:13.080-08:00,2023-03-06T19:59:17.110-08:00,student,student A,4,,16.0,
,,,which would be 20%. And then I added that,2023-03-06T19:59:17.290-08:00,2023-03-06T19:59:21.040-08:00,student,student A,4,,16.0,
,,,"so in 2,015 it would equal 144,000,",2023-03-06T19:59:21.090-08:00,2023-03-06T19:59:26.190-08:00,student,student A,4,,16.0,
,,,"and then I use that number because in 2,015 they were equal. So I knew that city. Why would be 144,000?",2023-03-06T19:59:26.770-08:00,2023-03-06T19:59:38.490-08:00,student,student A,4,,16.0,
,,,"So then I took that divided it by 9, because it decreased by 10. So I divided 144,000 by 9 I got 16,000, and then multiply that by 10, and it got 160,000. I hope that kind of makes sense.",2023-03-06T19:59:38.860-08:00,2023-03-06T19:59:57.500-08:00,student,student A,4,,16.0,
,,,"It ended up making sense to me, but it like was kind of confusing all I did it.",2023-03-06T19:59:57.750-08:00,2023-03-06T20:00:01.230-08:00,student,student A,4,,16.0,
,,,"Yeah, no, that that makes sense completely. So okay. So you you said it but a little fast, so which I don't even go step by step. So the first step is.",2023-03-06T20:00:01.300-08:00,2023-03-06T20:00:12.920-08:00,tutor,tutor,4,,16.0,
,,,"we know that city X. In 2,010 was 120,000.",2023-03-06T20:00:13.100-08:00,2023-03-06T20:00:19.440-08:00,tutor,tutor,4,,16.0,
,,,"So what we know how it was in 2,015. So we know city. Why? So if we know that one way to do it is just divide by 5, and then add",2023-03-06T20:00:19.560-08:00,2023-03-06T20:00:29.330-08:00,tutor,tutor,4,,16.0,
,,,"120,000, and that is a good way to do it. Another way to do it is just multiply a 120,000 by 1.2,",2023-03-06T20:00:29.880-08:00,2023-03-06T20:00:39.520-08:00,tutor,tutor,4,,16.0,
,,,And,2023-03-06T20:00:40.310-08:00,2023-03-06T20:00:41.230-08:00,tutor,tutor,4,,16.0,
,,,does everyone see how that also increase in a 20% increase?,2023-03-06T20:00:41.290-08:00,2023-03-06T20:00:46.720-08:00,tutor,tutor,4,,16.0,
,,,Okay.,2023-03-06T20:00:50.050-08:00,2023-03-06T20:00:50.740-08:00,tutor,tutor,4,,16.0,
,,,"So for reference, one would just be 100 and then point 2 is the 20. So you just both P. 1.5, 1.2, and then you get this, and then you want to get 144,000.",2023-03-06T20:00:50.770-08:00,2023-03-06T20:01:01.530-08:00,tutor,tutor,4,,16.0,
,,,"So we know that in 2,015, that city X was 144,000, and then we know in 2,014, that city. X. That's why. Why is also 2,015. To see Why is also",2023-03-06T20:01:02.110-08:00,2023-03-06T20:01:16.360-08:00,tutor,tutor,4,,16.0,
,,,"144,000, because that's what tells them the problem. So city? Why",2023-03-06T20:01:16.430-08:00,2023-03-06T20:01:20.810-08:00,tutor,tutor,4,,16.0,
,,,is see? Why,2023-03-06T20:01:21.900-08:00,2023-03-06T20:01:24.170-08:00,tutor,tutor,4,,16.0,
,,,"is 144,000 and 20",2023-03-06T20:01:24.860-08:00,2023-03-06T20:01:29.730-08:00,tutor,tutor,4,,16.0,
,,,20,2023-03-06T20:01:32.390-08:00,2023-03-06T20:01:33.650-08:00,tutor,tutor,4,,16.0,
,,,15? So but it also tells us that the population city. Why was had a 10% decrease from,2023-03-06T20:01:34.490-08:00,2023-03-06T20:01:43.290-08:00,tutor,tutor,4,,16.0,
,,,"from 20 to 10 to 2,015.",2023-03-06T20:01:43.810-08:00,2023-03-06T20:01:46.690-08:00,tutor,tutor,4,,16.0,
,,,So for me to be left. Unfortunately.,2023-03-06T20:01:46.720-08:00,2023-03-06T20:01:50.470-08:00,tutor,tutor,4,,16.0,
,,,"how do you represent 90%,",2023-03-06T20:01:52.370-08:00,2023-03-06T20:01:55.880-08:00,tutor,tutor,4,,16.0,
,,,10% decrease? Sorry.,2023-03-06T20:01:56.070-08:00,2023-03-06T20:01:58.220-08:00,tutor,tutor,4,,16.0,
,,,How would you if you I give you a number? And how do you? How do you sell it?,2023-03-06T20:01:59.350-08:00,2023-03-06T20:02:02.700-08:00,tutor,tutor,4,,16.0,
,,,Video.,2023-03-06T20:02:15.030-08:00,2023-03-06T20:02:16.100-08:00,tutor,tutor,4,,16.0,
,,,Okay. [STUDENT_4].,2023-03-06T20:02:19.640-08:00,2023-03-06T20:02:22.040-08:00,tutor,tutor,4,,16.0,
,,,and how to share a 10% increase.,2023-03-06T20:02:23.620-08:00,2023-03-06T20:02:26.050-08:00,student,student C,4,,16.0,
,,,"No, sorry. A 10% decrease. How would you? So a 10%,",2023-03-06T20:02:26.060-08:00,2023-03-06T20:02:30.970-08:00,tutor,tutor,4,,16.0,
,,,I guess,2023-03-06T20:02:33.830-08:00,2023-03-06T20:02:35.850-08:00,student,student C,4,,16.0,
,,,"by times you get by point 10,",2023-03-06T20:02:37.310-08:00,2023-03-06T20:02:39.770-08:00,student,student C,4,,16.0,
,,,"not point 10. That's a that is, a that is, a 10% is 10. That is one way to do it. You could just multiply this",2023-03-06T20:02:40.640-08:00,2023-03-06T20:02:48.830-08:00,tutor,tutor,4,,16.0,
,,,"5.10, and then subtract it from the tool. So that is one way to do it. Does that make sense? Is that what you're trying to get at.",2023-03-06T20:02:49.260-08:00,2023-03-06T20:02:56.260-08:00,tutor,tutor,4,,16.0,
,,,I think so.,2023-03-06T20:02:57.110-08:00,2023-03-06T20:02:58.060-08:00,student,student C,4,,16.0,
,,,"because, like my, the only thing I was running through my head was a point 9 is like that Doesn't: seem like a right number. So I",2023-03-06T20:02:58.540-08:00,2023-03-06T20:03:05.590-08:00,student,student C,4,,16.0,
,,,"Oh, okay.",2023-03-06T20:03:05.820-08:00,2023-03-06T20:03:06.690-08:00,student,student C,4,,16.0,
,,,yeah. So if you wanted to,2023-03-06T20:03:06.840-08:00,2023-03-06T20:03:09.550-08:00,tutor,tutor,4,,16.0,
,,,"get a 10% decrease, you have 10% decrease. You have to multiply by. From that. however, we already have the final product.",2023-03-06T20:03:12.270-08:00,2023-03-06T20:03:19.930-08:00,tutor,tutor,4,,16.0,
,,,So here is we'll just say why,2023-03-06T20:03:20.250-08:00,2023-03-06T20:03:24.060-08:00,tutor,tutor,4,,16.0,
,,,"to represent 22, why, 2,010 is 8 times point 9 is equal to a 144,000, because we know that",2023-03-06T20:03:24.080-08:00,2023-03-06T20:03:36.350-08:00,tutor,tutor,4,,16.0,
,,,"in 2,015,",2023-03-06T20:03:38.840-08:00,2023-03-06T20:03:40.450-08:00,tutor,tutor,4,,16.0,
,,,"that this is the number and we know it's 10% decrease. So that's why we multiply the 2,010 number by point 9. Does that make sense to everyone?",2023-03-06T20:03:40.570-08:00,2023-03-06T20:03:47.670-08:00,tutor,tutor,4,,16.0,
,,,Okay.,2023-03-06T20:03:51.530-08:00,2023-03-06T20:03:52.280-08:00,tutor,tutor,4,,16.0,
,,,Yeah. Okay.,2023-03-06T20:03:53.530-08:00,2023-03-06T20:03:54.620-08:00,tutor,tutor,4,,16.0,
,,,"So in actuality we don't multiply by point 9. Here we divide, but we not because we're trying to get this number here.",2023-03-06T20:03:54.690-08:00,2023-03-06T20:04:01.580-08:00,tutor,tutor,4,,16.0,
,,,"So if we have Why, 2,010 is equal to 144,000,",2023-03-06T20:04:01.870-08:00,2023-03-06T20:04:08.220-08:00,tutor,tutor,4,,16.0,
,,,divided by point 9.,2023-03-06T20:04:09.420-08:00,2023-03-06T20:04:11.330-08:00,tutor,tutor,4,,16.0,
,,,"We would get 160,000. Once you put that into chocolate.",2023-03-06T20:04:11.560-08:00,2023-03-06T20:04:15.950-08:00,tutor,tutor,4,,16.0,
,,,So that's starting to make sense for everybody.,2023-03-06T20:04:16.050-08:00,2023-03-06T20:04:18.020-08:00,tutor,tutor,4,,16.0,
,,,"Yes, okay.",2023-03-06T20:04:21.270-08:00,2023-03-06T20:04:22.350-08:00,student,student C,4,,16.0,
,,,"A little helpful tip for you guys, if you want it.",2023-03-06T20:04:25.710-08:00,2023-03-06T20:04:29.990-08:00,tutor,tutor,4,,16.0,
,,,Typically.,2023-03-06T20:04:30.230-08:00,2023-03-06T20:04:31.380-08:00,tutor,tutor,4,,16.0,
,,,"the Sat tries to you guys with big numbers like 120,000, and it takes a while to type the whole number out into your calculator. But if you look in the answers, and you look in the problem.",2023-03-06T20:04:31.600-08:00,2023-03-06T20:04:44.040-08:00,tutor,tutor,4,,16.0,
,,,"All the numbers can divide it essentially be divided by a 1,000. So, instead of like the if this makes sense to you, go ahead with the straight. But if it doesn't no problem, just what I said earlier.",2023-03-06T20:04:44.340-08:00,2023-03-06T20:04:55.550-08:00,tutor,tutor,4,,16.0,
,,,"But essentially you could just say 120,000 is just a 120, and then just pull that into your calculator.",2023-03-06T20:04:55.580-08:00,2023-03-06T20:05:04.890-08:00,tutor,tutor,4,,16.0,
,,,"and once you do the same steps you wouldn't end up with a 160,000. You just end up with a 160. But then you look back into here and you realize, oh, I have to multiply a 1,000 again.",2023-03-06T20:05:05.110-08:00,2023-03-06T20:05:14.880-08:00,tutor,tutor,4,,16.0,
,,,"and then you get 160,000.",2023-03-06T20:05:14.900-08:00,2023-03-06T20:05:16.810-08:00,tutor,tutor,4,,16.0,
,,,Does that make sense to everybody? If that's confusing Don't pay attention to at all. But that's just a little helpful tip instead of writing all huge numbers in your calculator.,2023-03-06T20:05:17.210-08:00,2023-03-06T20:05:25.440-08:00,tutor,tutor,4,,16.0,
,,,Yeah. Sound good.,2023-03-06T20:05:26.680-08:00,2023-03-06T20:05:28.970-08:00,tutor,tutor,4,,16.0,
,,,All right.,2023-03-06T20:05:30.580-08:00,2023-03-06T20:05:31.510-08:00,tutor,tutor,4,,16.0,
,,,"Oh, okay, Sorry for the yeah, I called them you earlier, but still pretty problem. Okay.",2023-03-06T20:05:33.510-08:00,2023-03-06T20:05:39.340-08:00,tutor,tutor,4,,16.0,
,,,"right? So okay, next question.",2023-03-06T20:05:41.650-08:00,2023-03-06T20:05:46.140-08:00,tutor,tutor,4,,16.0,
,,,let's go over,2023-03-06T20:05:48.140-08:00,2023-03-06T20:05:49.700-08:00,tutor,tutor,4,,16.0,
,11.0,1.0,Number 11. This one is a little bit of interpreting graphs and tables.,2023-03-06T20:05:50.700-08:00,2023-03-06T20:05:57.880-08:00,tutor,tutor,5,,11.0,
,,,So yeah.,2023-03-06T20:05:58.070-08:00,2023-03-06T20:05:59.530-08:00,tutor,tutor,5,,11.0,
,,,Philly. And do you wanna answer what the the question is asking us.,2023-03-06T20:06:01.510-08:00,2023-03-06T20:06:06.360-08:00,tutor,tutor,5,,11.0,
,,,"Yeah, yeah.",2023-03-06T20:06:07.540-08:00,2023-03-06T20:06:08.820-08:00,student,student H,5,,11.0,
,,,i'm sorry I missed that. I was really hoping you wouldn't call me for like the few minutes I was gone. But,2023-03-06T20:06:08.860-08:00,2023-03-06T20:06:14.660-08:00,student,student H,5,,11.0,
,,,i'm sorry.,2023-03-06T20:06:14.720-08:00,2023-03-06T20:06:16.030-08:00,tutor,tutor,5,,11.0,
,,,"Sorry, not as good as good. The table above shows. Okay. So which of the following is a true statement in comparing list a and list. B.",2023-03-06T20:06:16.070-08:00,2023-03-06T20:06:26.650-08:00,student,student H,5,,11.0,
,,,"So i'll write out the list for you guys, 2, 3,",2023-03-06T20:06:28.400-08:00,2023-03-06T20:06:32.300-08:00,tutor,tutor,5,,11.0,
,,,"4 5 6, and then 2 3 3,",2023-03-06T20:06:33.280-08:00,2023-03-06T20:06:39.950-08:00,tutor,tutor,5,,11.0,
,,,"4, 4,",2023-03-06T20:06:40.990-08:00,2023-03-06T20:06:42.850-08:00,tutor,tutor,5,,11.0,
,,,"5, right?",2023-03-06T20:06:43.990-08:00,2023-03-06T20:06:45.780-08:00,tutor,tutor,5,,11.0,
,,,So,2023-03-06T20:06:45.870-08:00,2023-03-06T20:06:46.770-08:00,tutor,tutor,5,,11.0,
,,,in the problem they're asking us if,2023-03-06T20:06:48.150-08:00,2023-03-06T20:06:51.320-08:00,tutor,tutor,5,,11.0,
,,,they're asking us. The answers are all concerned with means and standard deviation.,2023-03-06T20:06:52.250-08:00,2023-03-06T20:06:57.420-08:00,tutor,tutor,5,,11.0,
,,,Sorry that's not visible for you guys.,2023-03-06T20:06:57.820-08:00,2023-03-06T20:07:00.530-08:00,tutor,tutor,5,,11.0,
,,,but the problems are because so everyone pull up Number 11 because everyone's got that up right?,2023-03-06T20:07:00.540-08:00,2023-03-06T20:07:05.670-08:00,tutor,tutor,5,,11.0,
,,,Okay.,2023-03-06T20:07:07.320-08:00,2023-03-06T20:07:07.930-08:00,tutor,tutor,5,,11.0,
,,,So they're asking us for comparisons of means and standard deviations.,2023-03-06T20:07:08.340-08:00,2023-03-06T20:07:14.860-08:00,tutor,tutor,5,,11.0,
,,,Right? So.,2023-03-06T20:07:15.550-08:00,2023-03-06T20:07:17.820-08:00,tutor,tutor,5,,11.0,
,,,Lily.,2023-03-06T20:07:22.400-08:00,2023-03-06T20:07:23.260-08:00,tutor,tutor,5,,11.0,
,,,what? What are the means of both these?,2023-03-06T20:07:24.420-08:00,2023-03-06T20:07:27.300-08:00,tutor,tutor,5,,11.0,
,,,Do you know what they are,2023-03-06T20:07:27.720-08:00,2023-03-06T20:07:29.060-08:00,tutor,tutor,5,,11.0,
,,,well. Is it a mute?,2023-03-06T20:07:29.740-08:00,2023-03-06T20:07:32.250-08:00,student,student D,5,,11.0,
,,,He wants it. It,2023-03-06T20:07:34.780-08:00,2023-03-06T20:07:36.280-08:00,student,student D,5,,11.0,
,,,isn't it 3.5.,2023-03-06T20:07:49.720-08:00,2023-03-06T20:07:51.590-08:00,student,student D,5,,11.0,
,,,"Yup! That is the list for a. So that's 3.5,",2023-03-06T20:07:52.180-08:00,2023-03-06T20:07:56.310-08:00,tutor,tutor,5,,11.0,
,,,and then is B: the same?,2023-03-06T20:07:56.530-08:00,2023-03-06T20:07:58.240-08:00,tutor,tutor,5,,11.0,
,,,"Yes, exactly.",2023-03-06T20:08:00.440-08:00,2023-03-06T20:08:02.940-08:00,student,student G,5,,11.0,
,,,"So yeah, 3.5.",2023-03-06T20:08:03.040-08:00,2023-03-06T20:08:04.880-08:00,tutor,tutor,5,,11.0,
,,,"So if you look at the means, we know they're similar to the exact same. Actually. So we know we can already knock out C and D.",2023-03-06T20:08:05.180-08:00,2023-03-06T20:08:12.320-08:00,tutor,tutor,5,,11.0,
,,,So the next question is standard deviation. I think this might be an important concept for all of you to learn how to graphically think of standard deviation.,2023-03-06T20:08:12.690-08:00,2023-03-06T20:08:23.850-08:00,tutor,tutor,5,,11.0,
,,,So is everyone familiar with the normal curve. Has anyone seen this before?,2023-03-06T20:08:24.440-08:00,2023-03-06T20:08:28.750-08:00,tutor,tutor,5,,11.0,
,,,"Essentially, it's just like a bell curve.",2023-03-06T20:08:28.790-08:00,2023-03-06T20:08:30.640-08:00,tutor,tutor,5,,11.0,
,,,And,2023-03-06T20:08:31.950-08:00,2023-03-06T20:08:32.940-08:00,student,student B,5,,11.0,
,,,yeah.,2023-03-06T20:08:33.480-08:00,2023-03-06T20:08:34.170-08:00,tutor,tutor,5,,11.0,
,,,So this is what us typical standard deviation looks like. Here's your mean.,2023-03-06T20:08:34.380-08:00,2023-03-06T20:08:39.090-08:00,tutor,tutor,5,,11.0,
,,,and a standard deviation has about represents,2023-03-06T20:08:39.550-08:00,2023-03-06T20:08:43.740-08:00,tutor,tutor,5,,11.0,
,,,typically a certain amount of population each time it goes a standard distance away from the meet.,2023-03-06T20:08:43.790-08:00,2023-03-06T20:08:49.120-08:00,tutor,tutor,5,,11.0,
,,,So how to graphically represent that is similar to a,2023-03-06T20:08:50.140-08:00,2023-03-06T20:08:55.990-08:00,tutor,tutor,5,,11.0,
,,,is yeah. So i'll show you other factors.,2023-03-06T20:08:57.470-08:00,2023-03-06T20:09:01.280-08:00,tutor,tutor,5,,11.0,
,,,So does anyone know how to graphically represent Standard me? I'll start writing out. But if anyone wants to jump in.,2023-03-06T20:09:01.610-08:00,2023-03-06T20:09:07.180-08:00,tutor,tutor,5,,11.0,
,,,what was your question how to graphically represent standard deviation. Sorry?,2023-03-06T20:09:09.540-08:00,2023-03-06T20:09:15.050-08:00,tutor,tutor,5,,11.0,
,,,"Well, usually I mean is in the middle.",2023-03-06T20:09:15.690-08:00,2023-03-06T20:09:18.520-08:00,student,student B,5,,11.0,
,,,"Yeah. Well, yeah.",2023-03-06T20:09:18.700-08:00,2023-03-06T20:09:20.940-08:00,student,student B,5,,11.0,
,,,"I guess the way I learned it in class is like the mean is in the middle, and then you can go out for the normal curve. 1, 2, and 3, and then one negative, 1, 2, and 3. So like the standard deviation is kind of represented.",2023-03-06T20:09:21.050-08:00,2023-03-06T20:09:36.000-08:00,student,student B,5,,11.0,
,,,"based off of how much each answer, like increases that decreases by kind of like. Exactly how a normal standard.",2023-03-06T20:09:36.050-08:00,2023-03-06T20:09:46.840-08:00,student,student B,5,,11.0,
,,,"However, the sat doesn't, like the verse rarely will be able to give you.",2023-03-06T20:09:46.970-08:00,2023-03-06T20:09:50.950-08:00,tutor,tutor,5,,11.0,
,,,"So instead, you gotta like, think about it.",2023-03-06T20:09:51.150-08:00,2023-03-06T20:09:53.350-08:00,tutor,tutor,5,,11.0,
,,,So let's I'll show you how to do it. So if you have a table of 6 for here.,2023-03-06T20:09:53.450-08:00,2023-03-06T20:09:59.020-08:00,tutor,tutor,5,,11.0,
,,,if you wanted to.,2023-03-06T20:09:59.150-08:00,2023-03-06T20:10:00.960-08:00,tutor,tutor,5,,11.0,
,,,"if you wanted to graph a standard, meet the way you do the standard deviation the way you do it is. You put all your values on the x-axis, and instead of like putting like a graph. What you do is for every value. Every time you hit that value you just put a.so what's graphically represent List a.",2023-03-06T20:10:01.710-08:00,2023-03-06T20:10:19.390-08:00,tutor,tutor,5,,11.0,
,,,"So I look at the graph, and I realize there's only one",2023-03-06T20:10:19.560-08:00,2023-03-06T20:10:22.700-08:00,tutor,tutor,5,,11.0,
,,,"one in the entire list, so I put a dot",2023-03-06T20:10:22.730-08:00,2023-03-06T20:10:26.680-08:00,tutor,tutor,5,,11.0,
,,,right there.,2023-03-06T20:10:27.560-08:00,2023-03-06T20:10:28.490-08:00,tutor,tutor,5,,11.0,
,,,"and then, if I saw another one, let's say I put I look at two's. There's another dot",2023-03-06T20:10:28.790-08:00,2023-03-06T20:10:33.830-08:00,tutor,tutor,5,,11.0,
,,,threes one dot,2023-03-06T20:10:33.860-08:00,2023-03-06T20:10:35.430-08:00,tutor,tutor,5,,11.0,
,,,"force, another dot 5",2023-03-06T20:10:35.490-08:00,2023-03-06T20:10:37.750-08:00,tutor,tutor,5,,11.0,
,,,"and 6, so we know that it's just one flat line",2023-03-06T20:10:37.870-08:00,2023-03-06T20:10:42.240-08:00,tutor,tutor,5,,11.0,
,,,all across. So the standard,2023-03-06T20:10:42.480-08:00,2023-03-06T20:10:44.720-08:00,tutor,tutor,5,,11.0,
,,,"deviation, instead of looking like.",2023-03-06T20:10:45.000-08:00,2023-03-06T20:10:47.400-08:00,tutor,tutor,5,,11.0,
,,,"instead of looking like a no bell curve like this, it looks something more like",2023-03-06T20:10:47.980-08:00,2023-03-06T20:10:53.900-08:00,tutor,tutor,5,,11.0,
,,,this.,2023-03-06T20:10:54.190-08:00,2023-03-06T20:10:55.160-08:00,tutor,tutor,5,,11.0,
,,,and the less of a curve you have here. the the greater the standard deviation have. Does that make sense?,2023-03-06T20:10:56.160-08:00,2023-03-06T20:11:05.170-08:00,tutor,tutor,5,,11.0,
,,,Is everyone familiar with what i'm trying to say here. because standard deviation is how far your values spread away from the meet. This is completely equal. Spread away from the meat.,2023-03-06T20:11:07.230-08:00,2023-03-06T20:11:17.940-08:00,tutor,tutor,5,,11.0,
,,,But and that's different from a normal curve which has pretty close to the me.,2023-03-06T20:11:18.430-08:00,2023-03-06T20:11:23.720-08:00,tutor,tutor,5,,11.0,
,,,And so that's why this has greater standard deviation than a normal curve.,2023-03-06T20:11:24.040-08:00,2023-03-06T20:11:27.930-08:00,tutor,tutor,5,,11.0,
,,,But let's do list. B. Does someone want to fill out how many dots I would put for each one of these and list V.,2023-03-06T20:11:28.040-08:00,2023-03-06T20:11:34.840-08:00,tutor,tutor,5,,11.0,
,,,Alysia?,2023-03-06T20:11:37.340-08:00,2023-03-06T20:11:38.540-08:00,tutor,tutor,5,,11.0,
,,,I'm sorry. What was the I'm sure kind of solve this problem.,2023-03-06T20:11:43.640-08:00,2023-03-06T20:11:50.290-08:00,student,student F,5,,11.0,
,,,"Okay, that's fine. But I kind of took an educated guess, but it wasn't really",2023-03-06T20:11:51.120-08:00,2023-03-06T20:11:55.610-08:00,tutor,tutor,5,,11.0,
,,,i'm not really sure what I did with that.,2023-03-06T20:11:56.060-08:00,2023-03-06T20:11:58.180-08:00,student,student F,5,,11.0,
,,,Okay.,2023-03-06T20:11:58.460-08:00,2023-03-06T20:11:59.260-08:00,tutor,tutor,5,,11.0,
,,,but that should stop you here. So how many times? So looking at List B:,2023-03-06T20:11:59.460-08:00,2023-03-06T20:12:04.120-08:00,tutor,tutor,5,,11.0,
,,,right now to just figure out what the State rough standard deviation of this B is so. What? How many times do we see the value? Number one in List B.,2023-03-06T20:12:04.440-08:00,2023-03-06T20:12:15.430-08:00,tutor,tutor,5,,11.0,
,,,This is might be a little literary question.,2023-03-06T20:12:16.650-08:00,2023-03-06T20:12:18.650-08:00,tutor,tutor,5,,11.0,
,,,Lucy.,2023-03-06T20:12:20.880-08:00,2023-03-06T20:12:21.730-08:00,tutor,tutor,5,,11.0,
,,,Not really sure.,2023-03-06T20:12:27.310-08:00,2023-03-06T20:12:28.680-08:00,student,student F,5,,11.0,
,,,I haven't done it. What?,2023-03-06T20:12:29.230-08:00,2023-03-06T20:12:31.500-08:00,student,student F,5,,11.0,
,,,"Yeah. So the answer is 0, because it's a really real question. There, one doesn't appear at all.",2023-03-06T20:12:31.640-08:00,2023-03-06T20:12:36.320-08:00,tutor,tutor,5,,11.0,
,,,It must be,2023-03-06T20:12:36.510-08:00,2023-03-06T20:12:37.570-08:00,tutor,tutor,5,,11.0,
,,,so. You just leave a blank. So how many times does 2 appear to be?,2023-03-06T20:12:37.900-08:00,2023-03-06T20:12:42.000-08:00,tutor,tutor,5,,11.0,
,,,This is question,2023-03-06T20:12:45.640-08:00,2023-03-06T20:12:47.680-08:00,student,student F,5,,11.0,
,,,11.,2023-03-06T20:12:48.020-08:00,2023-03-06T20:12:50.140-08:00,student,student F,5,,11.0,
,,,Yep.,2023-03-06T20:12:50.940-08:00,2023-03-06T20:12:52.340-08:00,student,student F,5,,11.0,
,,,"I'm trying to pull it up right now, but it's taking a while",2023-03-06T20:13:01.290-08:00,2023-03-06T20:13:04.250-08:00,student,student F,5,,11.0,
,,,taking a really long while.,2023-03-06T20:13:07.370-08:00,2023-03-06T20:13:09.260-08:00,student,student F,5,,11.0,
,,,"All right, is it? Do you have like rough Internet right now?",2023-03-06T20:13:10.450-08:00,2023-03-06T20:13:13.600-08:00,tutor,tutor,5,,11.0,
,,,Okay. So,2023-03-06T20:13:21.160-08:00,2023-03-06T20:13:22.880-08:00,tutor,tutor,5,,11.0,
,,,well let's see it just pulls it up. Let's just move on.,2023-03-06T20:13:23.100-08:00,2023-03-06T20:13:26.630-08:00,tutor,tutor,5,,11.0,
,,,"Oh, never mind. Sorry. Not that. Okay.",2023-03-06T20:13:27.100-08:00,2023-03-06T20:13:30.350-08:00,tutor,tutor,5,,11.0,
,,,So how many times do we see 2 pulled up,2023-03-06T20:13:30.500-08:00,2023-03-06T20:13:33.640-08:00,tutor,tutor,5,,11.0,
,,,for both bliss,2023-03-06T20:13:33.760-08:00,2023-03-06T20:13:35.100-08:00,student,student F,5,,11.0,
,,,for just a B,2023-03-06T20:13:35.230-08:00,2023-03-06T20:13:37.010-08:00,tutor,tutor,5,,11.0,
,,,once,2023-03-06T20:13:37.220-08:00,2023-03-06T20:13:37.980-08:00,student,student F,5,,11.0,
,,,"one. So we just represent that with one dot how many times? About 3,",2023-03-06T20:13:38.320-08:00,2023-03-06T20:13:41.800-08:00,tutor,tutor,5,,11.0,
,,,"2,",2023-03-06T20:13:42.660-08:00,2023-03-06T20:13:43.400-08:00,student,student F,5,,11.0,
,,,2 times with with 2 dots. How about 4?,2023-03-06T20:13:43.580-08:00,2023-03-06T20:13:47.190-08:00,tutor,tutor,5,,11.0,
,,,2,2023-03-06T20:13:47.360-08:00,2023-03-06T20:13:48.080-08:00,student,student F,5,,11.0,
,,,"super, 2 dots again? How about 5?",2023-03-06T20:13:48.660-08:00,2023-03-06T20:13:51.690-08:00,tutor,tutor,5,,11.0,
,,,One.,2023-03-06T20:13:51.760-08:00,2023-03-06T20:13:52.510-08:00,student,student F,5,,11.0,
,,,"one, and then how about 6?",2023-03-06T20:13:52.740-08:00,2023-03-06T20:13:54.780-08:00,tutor,tutor,5,,11.0,
,,,None.,2023-03-06T20:13:54.950-08:00,2023-03-06T20:13:55.660-08:00,student,student F,5,,11.0,
,,,Not so. This is a graph looks something more like this.,2023-03-06T20:13:55.860-08:00,2023-03-06T20:14:01.220-08:00,tutor,tutor,5,,11.0,
,,,"So we, the closer is to looking like the normal curve, which is that the closer is the less standard deviation has. So tell me, which looks more",2023-03-06T20:14:02.530-08:00,2023-03-06T20:14:14.340-08:00,tutor,tutor,5,,11.0,
,,,"like the normal curve, this graph right here",2023-03-06T20:14:14.410-08:00,2023-03-06T20:14:17.060-08:00,tutor,tutor,5,,11.0,
,,,or this graph right here.,2023-03-06T20:14:17.640-08:00,2023-03-06T20:14:19.140-08:00,tutor,tutor,5,,11.0,
,,,"Sorry they're just lines right now, but which one looks more like the discount right here.",2023-03-06T20:14:19.630-08:00,2023-03-06T20:14:24.500-08:00,tutor,tutor,5,,11.0,
,,,It's actually funny.,2023-03-06T20:14:24.530-08:00,2023-03-06T20:14:25.860-08:00,student,student F,5,,11.0,
,,,Yeah. So,2023-03-06T20:14:26.190-08:00,2023-03-06T20:14:27.980-08:00,tutor,tutor,5,,11.0,
,,,and the more if it looks more curved right here. then that means that the standard deviation is less.,2023-03-06T20:14:29.080-08:00,2023-03-06T20:14:37.170-08:00,tutor,tutor,5,,11.0,
,,,"So that's one way of representing standard deviation graphically, and that might come up on your Ss. It's important skill to learn, and it's typically taught in them like it's not really taught actually, in my opinion, the way the sat as it so it's",2023-03-06T20:14:37.280-08:00,2023-03-06T20:14:52.870-08:00,tutor,tutor,5,,11.0,
,,,it might be something new for you guys.,2023-03-06T20:14:52.950-08:00,2023-03-06T20:14:55.080-08:00,tutor,tutor,5,,11.0,
,,,and that's okay. And it's completely fine if you don't understand how this exactly works.,2023-03-06T20:14:55.160-08:00,2023-03-06T20:14:59.830-08:00,tutor,tutor,5,,11.0,
,,,But,2023-03-06T20:14:59.930-08:00,2023-03-06T20:15:00.750-08:00,tutor,tutor,5,,11.0,
,,,"typically that's how I visually represent standard deviation, and it's always worked for me. And I hope this method can loop you a little bit. Exclamation.",2023-03-06T20:15:00.850-08:00,2023-03-06T20:15:08.850-08:00,tutor,tutor,5,,11.0,
,,1.0,All right. So,2023-03-06T20:15:08.990-08:00,2023-03-06T20:15:11.230-08:00,tutor,tutor,6,,,
,,,we about 15 min left in a session. Does anyone what does anyone prefer? What we do. Do you guys want to do a part of the group practice? Or do you guys want to do a,2023-03-06T20:15:11.990-08:00,2023-03-06T20:15:23.440-08:00,tutor,tutor,6,,,
,,,"sorry it's more review of the practice test again. Most of you got this right, so I think we're fine with the target. So anyone have any objections. There.",2023-03-06T20:15:26.100-08:00,2023-03-06T20:15:35.870-08:00,tutor,tutor,6,,,
,,,"now, that sounds good.",2023-03-06T20:15:36.610-08:00,2023-03-06T20:15:38.210-08:00,student,student H,6,,,
,,,"all right. I your your practice time. So i'm going to give you some practice questions. And hopefully, yeah. okay. sorry. We just screen share this right now.",2023-03-06T20:15:38.230-08:00,2023-03-06T20:15:48.150-08:00,tutor,tutor,6,,,
,,,Right?,2023-03-06T20:15:53.990-08:00,2023-03-06T20:15:54.770-08:00,tutor,tutor,6,,,
,-1.0,1.0,"So in about 2 min I would like you guys to type in the chat what your answer is to this problem, and then we'll go over.",2023-03-06T20:15:54.860-08:00,2023-03-06T20:16:04.360-08:00,tutor,tutor,7,,-1.0,
,,,Let me know.,2023-03-06T20:17:51.790-08:00,2023-03-06T20:17:52.640-08:00,tutor,tutor,7,,-1.0,
,,,Hi.,2023-03-06T20:19:26.470-08:00,2023-03-06T20:19:27.240-08:00,tutor,tutor,7,,-1.0,
,,,Does anyone need a little bit more time on this problem.,2023-03-06T20:19:27.850-08:00,2023-03-06T20:19:30.760-08:00,tutor,tutor,7,,-1.0,
,,,right? Okay.,2023-03-06T20:19:37.470-08:00,2023-03-06T20:19:38.880-08:00,tutor,tutor,7,,-1.0,
,,,Does everyone find if we just start going over it? Or does anyone want any a little bit more time.,2023-03-06T20:19:42.730-08:00,2023-03-06T20:19:46.710-08:00,tutor,tutor,7,,-1.0,
,,,we'll just start rushing a little bit because we have a,2023-03-06T20:19:47.200-08:00,2023-03-06T20:19:49.480-08:00,tutor,tutor,7,,-1.0,
,,,limited time. So I want to get through a couple of these problems.,2023-03-06T20:19:52.500-08:00,2023-03-06T20:19:55.100-08:00,tutor,tutor,7,,-1.0,
,,,I'm: ready to go over it.,2023-03-06T20:19:56.670-08:00,2023-03-06T20:19:58.340-08:00,student,student C,7,,-1.0,
,,,Okay. So if anyone else.,2023-03-06T20:19:58.910-08:00,2023-03-06T20:20:02.000-08:00,tutor,tutor,7,,-1.0,
,,,"it has no Egyptians objections, we'll start going over it.",2023-03-06T20:20:02.190-08:00,2023-03-06T20:20:05.350-08:00,tutor,tutor,7,,-1.0,
,,,So the correct answer Here it was actually 2.,2023-03-06T20:20:05.510-08:00,2023-03-06T20:20:11.290-08:00,tutor,tutor,7,,-1.0,
,,,So a is equal to 2. How do we get to [STUDENT_4]? How did you,2023-03-06T20:20:11.770-08:00,2023-03-06T20:20:16.580-08:00,tutor,tutor,7,,-1.0,
,,,go about solving this problem?,2023-03-06T20:20:16.850-08:00,2023-03-06T20:20:18.260-08:00,tutor,tutor,7,,-1.0,
,,,Bye?,2023-03-06T20:20:20.920-08:00,2023-03-06T20:20:22.090-08:00,student,student C,7,,-1.0,
,,,A. So I was looking at the equation 8 over x plus 2 squared.,2023-03-06T20:20:25.280-08:00,2023-03-06T20:20:31.270-08:00,student,student C,7,,-1.0,
,,,"So I realized that the only denominator that was different was of minus 2 over x plus 2,",2023-03-06T20:20:31.380-08:00,2023-03-06T20:20:39.210-08:00,student,student C,7,,-1.0,
,,,so to have the same con to have a common denominator between all of them I just multiplied,2023-03-06T20:20:39.240-08:00,2023-03-06T20:20:45.570-08:00,student,student C,7,,-1.0,
,,,"minus 2 x plus 2 by x plus 2,",2023-03-06T20:20:45.630-08:00,2023-03-06T20:20:48.830-08:00,student,student C,7,,-1.0,
,,,and I divided with that with,2023-03-06T20:20:49.650-08:00,2023-03-06T20:20:51.740-08:00,student,student C,7,,-1.0,
,,,the numerator and the denominator.,2023-03-06T20:20:51.780-08:00,2023-03-06T20:20:54.060-08:00,student,student C,7,,-1.0,
,,,and that ended up giving me 2 x plus 4 over x plus 2 squared.,2023-03-06T20:20:54.200-08:00,2023-03-06T20:20:59.350-08:00,student,student C,7,,-1.0,
,,,"So the whole entire equation looked. Ma 2 x plus 6 over x plus 2 squared minus 2 x plus 4 over x plus 2 squared, and the 2 x canceled out the x plus 2 squared canceled out. So then we came to 6 minus 4, which gave me 2.",2023-03-06T20:20:59.640-08:00,2023-03-06T20:21:16.610-08:00,student,student C,7,,-1.0,
,,,Well.,2023-03-06T20:21:17.690-08:00,2023-03-06T20:21:18.510-08:00,tutor,tutor,7,,-1.0,
,,,what you said is not wrong. But there's a little bit could be to be okay careful here. When you subtract fractions you can't technically subtract the denominator. So it's asking us for a over X plus 2 squared. So we know that the dominator is still X plus 2 squared. That's what they kill us.,2023-03-06T20:21:19.420-08:00,2023-03-06T20:21:35.480-08:00,tutor,tutor,7,,-1.0,
,,,"But yeah, everything else you said was completely right, because next we just mo moved by might might subtract 6 from 4. We get 2. So everyone see how that works.",2023-03-06T20:21:35.690-08:00,2023-03-06T20:21:45.570-08:00,tutor,tutor,7,,-1.0,
,,,Can we be a big over 1 one time. That is a little fast.,2023-03-06T20:21:47.440-08:00,2023-03-06T20:21:50.820-08:00,student,student H,7,,-1.0,
,,,"I'm sorry, my bad.",2023-03-06T20:21:51.020-08:00,2023-03-06T20:21:52.570-08:00,tutor,tutor,7,,-1.0,
,,,"all right, so so",2023-03-06T20:21:52.820-08:00,2023-03-06T20:21:54.550-08:00,tutor,tutor,7,,-1.0,
,,,let's take it step by step. So we noticed that the first thing is that they don't have a common denominator.,2023-03-06T20:21:54.850-08:00,2023-03-06T20:22:00.290-08:00,tutor,tutor,7,,-1.0,
,,,"So, in order to get them to a common denominator, we have to multiply this right here to try to get it to come to them. We know that this is x plus 2 squared, but we know this X 2.",2023-03-06T20:22:00.860-08:00,2023-03-06T20:22:11.940-08:00,tutor,tutor,7,,-1.0,
,,,So how would we get X plus 2 squared if we already have an exposed to,2023-03-06T20:22:12.150-08:00,2023-03-06T20:22:15.570-08:00,tutor,tutor,7,,-1.0,
,,,anyone want to answer It's kind of up here,2023-03-06T20:22:19.020-08:00,2023-03-06T20:22:22.140-08:00,tutor,tutor,7,,-1.0,
,,,"what you say, how we get exposed to. What if you're if we already had X 2? Yeah.",2023-03-06T20:22:24.510-08:00,2023-03-06T20:22:29.770-08:00,student,student B,7,,-1.0,
,,,What?,2023-03-06T20:22:32.440-08:00,2023-03-06T20:22:33.160-08:00,student,student B,7,,-1.0,
,,,"I'm: Sorry it's a bit confusing when I way, i'm saying it. But essentially we just to get to do is",2023-03-06T20:22:33.400-08:00,2023-03-06T20:22:41.630-08:00,student,student B,7,,-1.0,
,,,yeah,2023-03-06T20:22:42.360-08:00,2023-03-06T20:22:45.060-08:00,tutor,tutor,7,,-1.0,
,,,is equal to X plus 2,2023-03-06T20:22:45.450-08:00,2023-03-06T20:22:47.330-08:00,tutor,tutor,7,,-1.0,
,,,times x plus 2. Does that make sense to everyone?,2023-03-06T20:22:47.530-08:00,2023-03-06T20:22:50.920-08:00,tutor,tutor,7,,-1.0,
,,,Yeah.,2023-03-06T20:22:50.960-08:00,2023-03-06T20:22:51.790-08:00,student,student B,7,,-1.0,
,,,"Yeah. So x plus 2 squared is x plus 2. So in order to get a common denominator, we have to multiply this by x plus 2 over x is 2. So we factor everything in, and we get 2 x plus 6",2023-03-06T20:22:52.040-08:00,2023-03-06T20:23:04.500-08:00,tutor,tutor,7,,-1.0,
,,,on this side. This is what we already got.,2023-03-06T20:23:04.790-08:00,2023-03-06T20:23:06.960-08:00,tutor,tutor,7,,-1.0,
,,,"But once we multiply 2 times x 2, we get 2 x plus 4.",2023-03-06T20:23:06.990-08:00,2023-03-06T20:23:10.980-08:00,tutor,tutor,7,,-1.0,
,,,Does that make sense? How we got to 2 x plus 4,2023-03-06T20:23:11.210-08:00,2023-03-06T20:23:14.340-08:00,tutor,tutor,7,,-1.0,
,,,right?,2023-03-06T20:23:17.110-08:00,2023-03-06T20:23:17.880-08:00,tutor,tutor,7,,-1.0,
,,,"Next step is we just to start subtracting. So denominators don't cancel it, since the same. We should just bring that here.",2023-03-06T20:23:18.500-08:00,2023-03-06T20:23:26.080-08:00,tutor,tutor,7,,-1.0,
,,,So,2023-03-06T20:23:26.250-08:00,2023-03-06T20:23:27.160-08:00,tutor,tutor,7,,-1.0,
,,,we have 2 x and then 2 x. So 2 x minus 2 x is equal to,2023-03-06T20:23:27.170-08:00,2023-03-06T20:23:31.930-08:00,tutor,tutor,7,,-1.0,
,,,"0,",2023-03-06T20:23:32.840-08:00,2023-03-06T20:23:33.700-08:00,tutor,tutor,7,,-1.0,
,,,"and then 6 minus 4,",2023-03-06T20:23:34.280-08:00,2023-03-06T20:23:36.670-08:00,tutor,tutor,7,,-1.0,
,,,which is equal to 2. Another way of visually writing this is Let's just say,2023-03-06T20:23:36.880-08:00,2023-03-06T20:23:44.300-08:00,tutor,tutor,7,,-1.0,
,,,"we could write it like 2 x plus 6,",2023-03-06T20:23:44.870-08:00,2023-03-06T20:23:48.980-08:00,tutor,tutor,7,,-1.0,
,,,"minus 2 x plus 4, all over x plus 2 square.",2023-03-06T20:23:50.830-08:00,2023-03-06T20:23:57.730-08:00,tutor,tutor,7,,-1.0,
,,,and that's still equivalent. Does that make sense to everyone,2023-03-06T20:23:58.570-08:00,2023-03-06T20:24:01.610-08:00,tutor,tutor,7,,-1.0,
,,,and all we have to do is try to find the numerator here.,2023-03-06T20:24:01.760-08:00,2023-03-06T20:24:04.260-08:00,tutor,tutor,7,,-1.0,
,,,So that's why it's. When you do the subtraction you get 2. That makes sense to everyone.,2023-03-06T20:24:05.640-08:00,2023-03-06T20:24:12.200-08:00,tutor,tutor,7,,-1.0,
,,,"Yeah, that makes more sense.",2023-03-06T20:24:12.980-08:00,2023-03-06T20:24:14.670-08:00,student,student H,7,,-1.0,
,,1.0,Sorry if I want a little faster. Thank you for letting me go. Okay.,2023-03-06T20:24:14.760-08:00,2023-03-06T20:24:20.700-08:00,tutor,tutor,8,,,
,,,"So let's get through like at least hopefully, one more problem here. Sorry.",2023-03-06T20:24:22.010-08:00,2023-03-06T20:24:29.210-08:00,tutor,tutor,8,,,
,,,See,2023-03-06T20:24:29.390-08:00,2023-03-06T20:24:30.290-08:00,tutor,tutor,8,,,
,,,Who?,2023-03-06T20:24:31.820-08:00,2023-03-06T20:24:32.550-08:00,tutor,tutor,8,,,
,,,What?,2023-03-06T20:24:35.620-08:00,2023-03-06T20:24:36.700-08:00,tutor,tutor,8,,,
,,,Why was it? Okay.,2023-03-06T20:24:38.250-08:00,2023-03-06T20:24:39.590-08:00,tutor,tutor,8,,,
,-1.0,1.0,"That is a bit of a weird problem. But yeah, okay. let's do this problem right here. This one probably will last us till the end of the class. And because it is",2023-03-06T20:24:41.800-08:00,2023-03-06T20:24:55.160-08:00,tutor,tutor,9,,-1.0,
,,,this bit longer. But yeah. right.,2023-03-06T20:24:55.270-08:00,2023-03-06T20:24:59.620-08:00,tutor,tutor,9,,-1.0,
,,,just type into the chat. we answers.,2023-03-06T20:26:43.600-08:00,2023-03-06T20:26:46.470-08:00,tutor,tutor,9,,-1.0,
,,,"Yeah, Don't worry, guys. This one is a bit tough, but there is a very what",2023-03-06T20:27:28.170-08:00,2023-03-06T20:27:32.660-08:00,tutor,tutor,9,,-1.0,
,,,quick way to do it. and is a bit,2023-03-06T20:27:32.710-08:00,2023-03-06T20:27:36.380-08:00,tutor,tutor,9,,-1.0,
,,,"abstract thinking you you need for this one, though. So don't worry guys, if you don't understand exactly what to do",2023-03-06T20:27:36.620-08:00,2023-03-06T20:27:42.550-08:00,tutor,tutor,9,,-1.0,
,,,"it's 8, 27, and we're gonna wrap up session really quickly. Do you guys want to give a shot at this problem, or does anyone want me to just to do it? How to do it.",2023-03-06T20:27:43.020-08:00,2023-03-06T20:27:54.110-08:00,tutor,tutor,9,,-1.0,
,,,"she she, how to do it quickly?",2023-03-06T20:27:54.160-08:00,2023-03-06T20:27:55.500-08:00,tutor,tutor,9,,-1.0,
,,,I have to do it quickly.,2023-03-06T20:27:58.050-08:00,2023-03-06T20:27:59.870-08:00,student,student B,9,,-1.0,
,,,Is everyone in agreement?,2023-03-06T20:28:00.330-08:00,2023-03-06T20:28:01.600-08:00,tutor,tutor,9,,-1.0,
,,,Yeah.,2023-03-06T20:28:02.360-08:00,2023-03-06T20:28:03.240-08:00,student,student G,9,,-1.0,
,,,all right.,2023-03-06T20:28:03.900-08:00,2023-03-06T20:28:04.770-08:00,tutor,tutor,9,,-1.0,
,,,"So there is a very long way of doing this problem, and there's a very quick way.",2023-03-06T20:28:05.240-08:00,2023-03-06T20:28:09.720-08:00,tutor,tutor,9,,-1.0,
,,,The only,2023-03-06T20:28:09.920-08:00,2023-03-06T20:28:11.320-08:00,tutor,tutor,9,,-1.0,
,,,"you can get all the values on there, and maybe you'd be better there. But the quickest way to look at it is just look at the terms.",2023-03-06T20:28:11.510-08:00,2023-03-06T20:28:19.200-08:00,tutor,tutor,9,,-1.0,
,,,So,2023-03-06T20:28:19.410-08:00,2023-03-06T20:28:20.990-08:00,tutor,tutor,9,,-1.0,
,,,does anyone figure out how to do it quickly.,2023-03-06T20:28:21.050-08:00,2023-03-06T20:28:23.170-08:00,tutor,tutor,9,,-1.0,
,,,"Oh, what was the answer? So I can know if I did do it.",2023-03-06T20:28:27.010-08:00,2023-03-06T20:28:31.880-08:00,student,student C,9,,-1.0,
,,,Hmm. I didn't. I find out the quick way then?,2023-03-06T20:28:32.180-08:00,2023-03-06T20:28:34.430-08:00,student,student C,9,,-1.0,
,,,"No, you I I was",2023-03-06T20:28:34.790-08:00,2023-03-06T20:28:36.860-08:00,tutor,tutor,9,,-1.0,
,,,You're very close.,2023-03-06T20:28:36.870-08:00,2023-03-06T20:28:38.520-08:00,student,student C,9,,-1.0,
,,,"Yeah, it was really close, though, because they're both 3, and that's part of the way.",2023-03-06T20:28:39.360-08:00,2023-03-06T20:28:43.410-08:00,tutor,tutor,9,,-1.0,
,,,"So if we have this equation right here, 24 x squared",2023-03-06T20:28:43.570-08:00,2023-03-06T20:28:48.030-08:00,tutor,tutor,9,,-1.0,
,,,plus 25 X,2023-03-06T20:28:48.650-08:00,2023-03-06T20:28:50.170-08:00,tutor,tutor,9,,-1.0,
,,,minus 47,2023-03-06T20:28:50.980-08:00,2023-03-06T20:28:53.360-08:00,tutor,tutor,9,,-1.0,
,,,all over any X minus 2.,2023-03-06T20:28:54.020-08:00,2023-03-06T20:28:56.320-08:00,tutor,tutor,9,,-1.0,
,,,"Now, at first this might look daunting, and you haven't oh, God! Is that us as well sorry",2023-03-06T20:28:56.840-08:00,2023-03-06T20:29:01.970-08:00,tutor,tutor,9,,-1.0,
,,,"I don't, know if that's easy to see.",2023-03-06T20:29:03.800-08:00,2023-03-06T20:29:06.510-08:00,tutor,tutor,9,,-1.0,
,,,"So you have 24 x squared plus 25 x minus 47 over a x- So the first thing you you need to look at. This is my first tip to you on this problem, specifically.",2023-03-06T20:29:16.620-08:00,2023-03-06T20:29:28.790-08:00,tutor,tutor,9,,-1.0,
,,,Ignore everything here. Just ignore everything and just focus on 24 X squared and a X focusing these 2 values.,2023-03-06T20:29:29.220-08:00,2023-03-06T20:29:37.580-08:00,tutor,tutor,9,,-1.0,
,,,"So if we were to divide these 2 values, say over 24 x squared.",2023-03-06T20:29:38.310-08:00,2023-03-06T20:29:43.690-08:00,tutor,tutor,9,,-1.0,
,,,divided by a,2023-03-06T20:29:44.820-08:00,2023-03-06T20:29:46.740-08:00,tutor,tutor,9,,-1.0,
,,,Let's just what would this be? How would you simplify this?,2023-03-06T20:29:47.950-08:00,2023-03-06T20:29:51.180-08:00,tutor,tutor,9,,-1.0,
,,,I would cancel out the X.,2023-03-06T20:29:54.890-08:00,2023-03-06T20:29:56.940-08:00,student,student G,9,,-1.0,
,,,Yeah. So you have 24 X,2023-03-06T20:29:57.090-08:00,2023-03-06T20:30:01.720-08:00,tutor,tutor,9,,-1.0,
,,,over a.,2023-03-06T20:30:01.770-08:00,2023-03-06T20:30:03.140-08:00,tutor,tutor,9,,-1.0,
,,,"Now, if you were to divide this. let's look on the other side. You realize that there is an X term here Correct?",2023-03-06T20:30:03.800-08:00,2023-03-06T20:30:11.710-08:00,tutor,tutor,9,,-1.0,
,,,So let's look on the other side of the equation and try to find out if there's any other X terms. Is there anything that has a coefficient of X on that side?,2023-03-06T20:30:13.300-08:00,2023-03-06T20:30:21.680-08:00,tutor,tutor,9,,-1.0,
,,,Eightx.,2023-03-06T20:30:25.100-08:00,2023-03-06T20:30:26.240-08:00,student,student C,9,,-1.0,
,,,"Well, not eightx negative eightx.",2023-03-06T20:30:27.310-08:00,2023-03-06T20:30:30.220-08:00,tutor,tutor,9,,-1.0,
,,,So if we know that 24 x over a,2023-03-06T20:30:31.380-08:00,2023-03-06T20:30:35.260-08:00,tutor,tutor,9,,-1.0,
,,,is the solution to the X portion of the equation on the left side. we know how that has to be equal to on the same side on the right. so we can actually set up,2023-03-06T20:30:35.750-08:00,2023-03-06T20:30:47.500-08:00,tutor,tutor,9,,-1.0,
,,,24,2023-03-06T20:30:48.320-08:00,2023-03-06T20:30:49.620-08:00,tutor,tutor,9,,-1.0,
,,,X over a is equal to negative 8. X. Does everyone see how that works? Because that's a big jump in understanding. But,2023-03-06T20:30:50.960-08:00,2023-03-06T20:31:03.140-08:00,tutor,tutor,9,,-1.0,
,,,is everyone confident in that,2023-03-06T20:31:03.350-08:00,2023-03-06T20:31:04.950-08:00,tutor,tutor,9,,-1.0,
,,,no little confused where the 25 X minus 47 went.,2023-03-06T20:31:05.070-08:00,2023-03-06T20:31:09.740-08:00,student,student D,9,,-1.0,
,,,"Well, the thing is",2023-03-06T20:31:11.210-08:00,2023-03-06T20:31:13.140-08:00,tutor,tutor,9,,-1.0,
,,,you could use and factor that in.,2023-03-06T20:31:13.390-08:00,2023-03-06T20:31:15.720-08:00,tutor,tutor,9,,-1.0,
,,,"However, if we're just looking at the first term on each side, the 25 x and a negative. 47 is a bit irrelevant right now, so we can",2023-03-06T20:31:15.880-08:00,2023-03-06T20:31:25.470-08:00,tutor,tutor,9,,-1.0,
,,,just ignored it from now.,2023-03-06T20:31:25.580-08:00,2023-03-06T20:31:27.390-08:00,tutor,tutor,9,,-1.0,
,,,"But if we wanted to do the whole problem, Yes, of course we would have to use the 25 X and negative 47, and that would just be very complex along division. But if we just ignore it for now, and just focus on how we could get",2023-03-06T20:31:27.740-08:00,2023-03-06T20:31:41.320-08:00,tutor,tutor,9,,-1.0,
,,,the X terms isolated and you have negative 8 x. Then we can figure out that,2023-03-06T20:31:41.390-08:00,2023-03-06T20:31:49.450-08:00,tutor,tutor,9,,-1.0,
,,,that 24 X over a is equal to the X. So essentially we just ignore it.,2023-03-06T20:31:49.640-08:00,2023-03-06T20:31:55.580-08:00,tutor,tutor,9,,-1.0,
,,,Does that make sense? Lily.,2023-03-06T20:31:57.250-08:00,2023-03-06T20:31:58.580-08:00,tutor,tutor,9,,-1.0,
,,,Yeah.,2023-03-06T20:32:00.160-08:00,2023-03-06T20:32:00.880-08:00,student,student D,9,,-1.0,
,,,Okay.,2023-03-06T20:32:01.940-08:00,2023-03-06T20:32:02.730-08:00,tutor,tutor,9,,-1.0,
,,,So let's simplify this down.,2023-03-06T20:32:03.420-08:00,2023-03-06T20:32:05.800-08:00,tutor,tutor,9,,-1.0,
,,,So we know that so? How would we suppl this 24 X over a. Is it negative? X.,2023-03-06T20:32:06.010-08:00,2023-03-06T20:32:11.430-08:00,tutor,tutor,9,,-1.0,
,,,Wait. Can you repeat the question,2023-03-06T20:32:18.250-08:00,2023-03-06T20:32:19.890-08:00,student,student B,9,,-1.0,
,,,so how will we simplify this right here,2023-03-06T20:32:20.040-08:00,2023-03-06T20:32:22.640-08:00,tutor,tutor,9,,-1.0,
,,,"that we saw for you software you times 24 X. So you get rid of it, and then it'll be",2023-03-06T20:32:23.880-08:00,2023-03-06T20:32:34.670-08:00,student,student B,9,,-1.0,
,,,negative a X. Times. Is that right.,2023-03-06T20:32:35.150-08:00,2023-03-06T20:32:39.710-08:00,student,student B,9,,-1.0,
,,,"No. Oh, if this anything, you can just flip it. You can do the little movie thing. So 24 X over negative a X: the",2023-03-06T20:32:41.220-08:00,2023-03-06T20:32:50.540-08:00,student,student B,9,,-1.0,
,,,"Yeah, that's a. That's a really way of solving it. So we have that equation, and we know that Oops sorry so we could just flip it around. So we have 24",2023-03-06T20:32:50.750-08:00,2023-03-06T20:32:59.960-08:00,tutor,tutor,9,,-1.0,
,,,"x over a is equal to negative a, the x, and then, if you just flip it, you get 24",2023-03-06T20:33:00.070-08:00,2023-03-06T20:33:06.970-08:00,tutor,tutor,9,,-1.0,
,,,"x over negative, 8. X is equal to a. So",2023-03-06T20:33:07.050-08:00,2023-03-06T20:33:12.430-08:00,tutor,tutor,9,,-1.0,
,,,"how do we simplify 24, x or negative eightx.",2023-03-06T20:33:12.880-08:00,2023-03-06T20:33:16.950-08:00,tutor,tutor,9,,-1.0,
,,,Does everyone see,2023-03-06T20:33:20.060-08:00,2023-03-06T20:33:25.390-08:00,student,student B,9,,-1.0,
,,,what? What?,2023-03-06T20:33:26.490-08:00,2023-03-06T20:33:27.480-08:00,student,student B,9,,-1.0,
,,,Yeah. Yeah. Right? 3 over Negative. One. Yeah. Yeah. So you get 3 over negative. One is equal to a and a is equal to negative 3. And B is the answered.,2023-03-06T20:33:27.670-08:00,2023-03-06T20:33:38.010-08:00,tutor,tutor,9,,-1.0,
,,,"So that makes sense. It's a bit confusing, and i'll be honest if you see this on your test. That's a bit rough.",2023-03-06T20:33:38.900-08:00,2023-03-06T20:33:45.210-08:00,tutor,tutor,9,,-1.0,
,,,And yeah.,2023-03-06T20:33:45.720-08:00,2023-03-06T20:33:46.960-08:00,tutor,tutor,9,,-1.0,
,,,"But once you figure out the shortcut, it becomes pretty easy. all right. That's 8 33. I gotta call it early tonight. So oh, I got a call on time. I guess but goodbye, guys.",2023-03-06T20:33:48.370-08:00,2023-03-06T20:33:59.680-08:00,tutor,tutor,9,,-1.0,
,,1.0,do you ready for our last session,2023-03-06T20:34:00.170-08:00,2023-03-06T20:34:02.570-08:00,tutor,tutor,10,,,
,,,on Wednesday?,2023-03-06T20:34:02.980-08:00,2023-03-06T20:34:04.260-08:00,student,student B,10,,,
,,,Thank you.,2023-03-06T20:34:04.440-08:00,2023-03-06T20:34:09.690-08:00,student,student C,10,,,
,,,Hi. Thank you.,2023-03-06T20:34:09.960-08:00,2023-03-06T20:34:11.500-08:00,student,student H,10,,,
